,PITCHER_KEY,PITCH_TYPE,TIMES_THROWN,SWINING_STRIKES,SWING_AND_MISS_RATE,USAGE_RATE,HIT_RATE,BASES_PER_HIT
0,A,FB,1078,151,14.007421150278294,52.92096219931272,5.1020408163265305,1.509090909090909
1,A,CB,256,28,10.9375,12.567501227295041,3.515625,1.6666666666666667
2,A,SL,649,108,16.640986132511557,31.860579283259693,3.2357473035439135,1.5714285714285714
3,A,CH,35,3,8.571428571428571,1.718213058419244,2.857142857142857,1.0
4,A,FF,18,3,16.666666666666664,0.8836524300441826,0.0,0
5,A,UN,1,0,0.0,0.049091801669121256,0.0,0
